{
  "version": 1,
  "author": "Eduardo Luis Mamani Roque",
  "editor": "wokwi",
  "parts": [
    {
      "type": "wokwi-breadboard-half",
      "id": "bb1",
      "top": 5.7,
      "left": 118.5,
      "rotate": 90,
      "attrs": {}
    },
    {
      "type": "wokwi-arduino-uno",
      "id": "uno",
      "top": -22.2,
      "left": -75.4,
      "rotate": 90,
      "attrs": {}
    },
    {
      "type": "wokwi-buzzer",
      "id": "bz1",
      "top": 26.1,
      "left": 273.3,
      "rotate": 90,
      "attrs": { "volume": "0.1" }
    },
    {
      "type": "wokwi-led",
      "id": "led1",
      "top": 76,
      "left": 265.8,
      "rotate": 90,
      "attrs": { "color": "red", "flip": "1" }
    },
    {
      "type": "wokwi-pushbutton",
      "id": "btn1",
      "top": 121.4,
      "left": 259.2,
      "attrs": { "color": "green" }
    },
    {
      "type": "wokwi-resistor",
      "id": "r1",
      "top": 99.95,
      "left": 192,
      "attrs": { "value": "220" }
    },
    {
      "type": "wokwi-resistor",
      "id": "r2",
      "top": 177.6,
      "left": 210.65,
      "rotate": 90,
      "attrs": { "value": "1000" }
    }
  ],
  "connections": [
    [ "bb1:11b.j", "uno:13", "blue", [ "h0" ] ],
    [ "bb1:14b.j", "uno:9", "magenta", [ "h-57.6", "v9.6" ] ],
    [ "bb1:20b.j", "uno:2", "cyan", [ "h-57.6", "v19.2" ] ],
    [ "bb1:26b.j", "bb1:bn.21", "black", [ "h0" ] ],
    [ "bb1:10b.j", "bb1:bn.8", "black", [ "h0" ] ],
    [ "uno:5V", "bb1:bp.25", "red", [ "h-19.1", "v147.8", "h9.6" ] ],
    [ "uno:GND.1", "bb1:bn.6", "black", [ "h19.2", "v0.3" ] ],
    [ "bb1:18b.j", "bb1:bp.15", "red", [ "h0" ] ],
    [ "bz1:1", "bb1:10b.f", "", [ "$bb" ] ],
    [ "bz1:2", "bb1:11b.f", "", [ "$bb" ] ],
    [ "led1:A", "bb1:14b.f", "", [ "$bb" ] ],
    [ "led1:C", "bb1:15b.f", "", [ "$bb" ] ],
    [ "btn1:1.l", "bb1:18b.g", "", [ "$bb" ] ],
    [ "btn1:2.l", "bb1:20b.g", "", [ "$bb" ] ],
    [ "btn1:1.r", "bb1:18t.b", "", [ "$bb" ] ],
    [ "btn1:2.r", "bb1:20t.b", "", [ "$bb" ] ],
    [ "r1:1", "bb1:bn.12", "", [ "$bb" ] ],
    [ "r1:2", "bb1:15b.h", "", [ "$bb" ] ],
    [ "r2:1", "bb1:20b.i", "", [ "$bb" ] ],
    [ "r2:2", "bb1:26b.i", "", [ "$bb" ] ]
  ],
  "dependencies": {}
}