{
  "version": 1,
  "author": "Eduardo Luis Mamani Roque",
  "editor": "wokwi",
  "parts": [
    {
      "type": "wokwi-breadboard-half",
      "id": "bb1",
      "top": 53.7,
      "left": 147.3,
      "rotate": 90,
      "attrs": {}
    },
    {
      "type": "wokwi-arduino-uno",
      "id": "uno",
      "top": 64.2,
      "left": -75.4,
      "rotate": 90,
      "attrs": {}
    },
    {
      "type": "wokwi-pushbutton",
      "id": "btn1",
      "top": 121.4,
      "left": 278.4,
      "attrs": { "color": "green", "bounce": "1" }
    },
    {
      "type": "wokwi-pushbutton",
      "id": "btn2",
      "top": 169.4,
      "left": 278.4,
      "attrs": { "color": "blue" }
    },
    {
      "type": "wokwi-led",
      "id": "led1",
      "top": 229.6,
      "left": 294.6,
      "rotate": 90,
      "attrs": { "color": "red", "flip": "1" }
    },
    {
      "type": "wokwi-resistor",
      "id": "r1",
      "top": 253.55,
      "left": 220.8,
      "attrs": { "value": "220" }
    }
  ],
  "connections": [
    [ "uno:5V", "bb1:bp.25", "red", [ "h-47.9", "v147.8", "h307.2" ] ],
    [ "uno:GND.2", "bb1:bn.25", "black", [ "h-38.3", "v128.7", "h288", "v-28.8" ] ],
    [ "bb1:15b.i", "bb1:18b.i", "blue", [ "h0" ] ],
    [ "bb1:13b.j", "bb1:bp.11", "red", [ "h0" ] ],
    [ "bb1:20b.i", "bb1:25b.i", "blue", [ "h0" ] ],
    [ "btn1:1.l", "bb1:13b.h", "", [ "$bb" ] ],
    [ "btn1:2.l", "bb1:15b.h", "", [ "$bb" ] ],
    [ "btn1:1.r", "bb1:13t.c", "", [ "$bb" ] ],
    [ "btn1:2.r", "bb1:15t.c", "", [ "$bb" ] ],
    [ "btn2:1.l", "bb1:18b.h", "", [ "$bb" ] ],
    [ "btn2:2.l", "bb1:20b.h", "", [ "$bb" ] ],
    [ "btn2:1.r", "bb1:18t.c", "", [ "$bb" ] ],
    [ "btn2:2.r", "bb1:20t.c", "", [ "$bb" ] ],
    [ "led1:A", "bb1:25b.f", "", [ "$bb" ] ],
    [ "led1:C", "bb1:26b.f", "", [ "$bb" ] ],
    [ "r1:1", "bb1:bn.21", "", [ "$bb" ] ],
    [ "r1:2", "bb1:26b.h", "", [ "$bb" ] ]
  ],
  "dependencies": {}
}