{
  "version": 1,
  "author": "Eduardo Luis Mamani Roque",
  "editor": "wokwi",
  "parts": [
    {
      "type": "wokwi-breadboard-half",
      "id": "bb1",
      "top": -3.9,
      "left": 99.3,
      "rotate": 90,
      "attrs": {}
    },
    {
      "type": "wokwi-arduino-uno",
      "id": "uno",
      "top": -3,
      "left": -113.8,
      "rotate": 90,
      "attrs": {}
    },
    {
      "type": "wokwi-led",
      "id": "led1",
      "top": 85.6,
      "left": 246.6,
      "rotate": 90,
      "attrs": { "color": "magenta", "flip": "1" }
    },
    {
      "type": "wokwi-resistor",
      "id": "r1",
      "top": 109.55,
      "left": 172.8,
      "attrs": { "value": "220" }
    },
    {
      "type": "wokwi-potentiometer",
      "id": "pot1",
      "top": 143.8,
      "left": 261.3,
      "rotate": 90,
      "attrs": {}
    }
  ],
  "connections": [
    [ "uno:11", "bb1:16b.j", "limegreen", [ "h0" ] ],
    [ "pot1:GND", "bb1:23b.f", "black", [ "h0" ] ],
    [ "pot1:VCC", "bb1:25b.f", "red", [ "h0" ] ],
    [ "bb1:25b.j", "bb1:bp.21", "red", [ "h0" ] ],
    [ "bb1:23b.j", "bb1:bn.19", "black", [ "h0" ] ],
    [ "r1:1", "bb1:bn.14", "", [ "$bb" ] ],
    [ "r1:2", "bb1:17b.h", "", [ "$bb" ] ],
    [ "pot1:SIG", "bb1:24b.f", "blue", [ "h0" ] ],
    [ "bb1:24b.j", "uno:A0", "blue", [ "h-57.6", "v86.4", "h-240", "v-9.6" ] ],
    [ "uno:5V", "bb1:bp.1", "red", [ "h-19.1", "v-169", "h9.6" ] ],
    [ "uno:GND.1", "bb1:bn.10", "black", [ "h0" ] ],
    [ "led1:A", "bb1:16b.f", "", [ "$bb" ] ],
    [ "led1:C", "bb1:17b.f", "", [ "$bb" ] ]
  ],
  "dependencies": {}
}