{
  "version": 1,
  "author": "Eduardo Luis Mamani Roque",
  "editor": "wokwi",
  "parts": [
    { "type": "wokwi-breadboard-half", "id": "bb1", "top": -137.4, "left": 12.4, "attrs": {} },
    { "type": "wokwi-arduino-uno", "id": "uno", "top": 87, "left": 9, "attrs": {} },
    {
      "type": "wokwi-servo",
      "id": "servo1",
      "top": -145,
      "left": -123,
      "rotate": 270,
      "attrs": {}
    },
    {
      "type": "wokwi-pushbutton",
      "id": "btn1",
      "top": -67.8,
      "left": 204.6,
      "rotate": 90,
      "attrs": { "color": "green" }
    },
    {
      "type": "wokwi-resistor",
      "id": "r1",
      "top": -5.65,
      "left": 249.6,
      "attrs": { "value": "1000" }
    }
  ],
  "connections": [
    [ "servo1:V+", "bb1:bp.1", "red", [ "v0" ] ],
    [ "servo1:GND", "bb1:bn.1", "black", [ "v57.6", "h9.6" ] ],
    [ "uno:GND.1", "bb1:bn.8", "black", [ "v0" ] ],
    [ "uno:5V", "bb1:bp.25", "red", [ "v19.1", "h3.8" ] ],
    [ "btn1:1.l", "bb1:23t.b", "", [ "$bb" ] ],
    [ "btn1:2.l", "bb1:21t.b", "", [ "$bb" ] ],
    [ "btn1:1.r", "bb1:23b.g", "", [ "$bb" ] ],
    [ "btn1:2.r", "bb1:21b.g", "", [ "$bb" ] ],
    [ "bb1:23b.j", "uno:2", "orange", [ "v0" ] ],
    [ "r1:1", "bb1:23b.h", "", [ "$bb" ] ],
    [ "r1:2", "bb1:29b.h", "", [ "$bb" ] ],
    [ "uno:9", "bb1:15b.j", "violet", [ "v0" ] ],
    [ "servo1:PWM", "bb1:15b.h", "violet", [ "v19.2", "h29", "v-19.2" ] ],
    [ "bb1:21b.j", "bb1:bp.17", "red", [ "v0" ] ],
    [ "bb1:29b.j", "bb1:bn.24", "black", [ "v0" ] ]
  ],
  "dependencies": {}
}